name,freq
ABIGAIL,1.029503
ADA,1.258148
ADALBERTINA,1.004917
ADELA,2.246487
ADÉLA,36.926863
ADELAIDA,1.06884
ADELAJDA,1.022127
ADELE,1.004917
ADELHAID,1
ADELHAIDA,1.027044
ADELHEID,1.093425
ADELHEIDA,1.149972
ADELHEIDE,1.004917
ADELINA,1
ADELÍNA,1.004917
ADELINDA,1.009834
ADELINDE,1
ADÉLKA,1.004917
ADINA,1.137679
ADLETA,1.002459
ADLÉTA,1
ADOLFA,1.363866
ADOLFIE,1.002459
ADOLFINA,1.395827
ADOLFÍNA,1.312236
ADOLFKA,1.002459
ADRIA,1.004917
ADRIANA,8.510885
ADRIÁNA,1.322071
ADRIANNA,1.002459
ADRIENA,1.417954
ADRIENNA,1.027044
AFRODITI,1.002459
AGATA,1.673644
AGÁTA,2.155521
AGATHA,1.009834
AGLAIA,1.007376
AGLAJA,1.019668
AGNES,1.159806
ÁGNES,1.014751
AGNESA,2.600519
AGNEŠA,1.449916
AGNIESZKA,1.054088
AIDA,1.073757
AIŠA,1.002459
AJA,1.083591
ALBERTA,1.054088
ALBERTINA,1.177016
ALBINA,1.199143
ALBÍNA,4.540319
ALEKSANDRA,1.083591
ALENA,276.918701
ALÉNA,1.002459
ALENKA,8.641189
ALESSANDRA,1.01721
ALEŠA,1.009834
ALEŠKA,1.036878
ALEVTINA,1.014751
ALEXA,1.01721
ALEXANDRA,16.029146
ALEXIA,1.007376
ALFREDA,1.029503
ALFRÉDA,1.024586
ALIA,1.004917
ALICA,1.533506
ALICE,20.307032
ALICJA,1.095884
ALIDA,1.009834
ALIKI,1.002459
ALINA,1.228646
ALISA,1.007376
ALLA,1.231104
ALMA,1.280275
ALMÍRA,1
ALOISIA,1.059005
ALOISIE,11.011236
ALOIZIA,1.007376
ALOJZIA,1.199143
ALUŠE,1
ALŽBETA,4.392806
ALŽBĚTA,38.984673
AMAL,1.007376
AMALIA,1.142596
AMÁLIA,1.381076
AMALIE,3.173363
AMÁLIE,3.485599
AMANDA,1.06884
AMELIE,1
AMINA,1
AMIRA,1.012293
ANA,1.066381
ANABELA,1
ANALISA,1
ANAMARIE,1.004917
ANASTASIA,1.086049
ANASTASIE,1.491711
ANASTÁSIE,1.103259
ANASTASIJA,1.009834
ANASTAZIA,1.081132
ANASTÁZIA,1.358949
ANASTAZIE,4.663247
ANASTÁZIE,4.341176
ANATOLIE,1.002459
ANDELA,1.014751
ANDĚLA,14.411417
ANDĚLINA,1.012293
ANDĚLÍNA,1.103259
ANDĚLKA,1.063922
ANDREA,86.471661
ANDRÉE,1.007376
ANDREJA,1.002459
ANDREJKA,1
ANDRIANA,1.002459
ANDRONIKI,1.004917
ANEMARIE,1.014751
ANEŠKA,1.014751
ANET,1.002459
ANETA,34.979687
ANETTA,1.233563
ANETTE,1.027044
ANEŽKA,63.262903
ANÉŽKA,1
ANGELA,2.386625
ANGELIKA,2.819331
ANGELINA,1.115552
ANGELÍNA,1.009834
ANH,1.002459
ANICA,1
ANIČKA,1.081132
ANIELA,1.081132
ANIKA,1.044254
ANIKO,1
ANIKÓ,1.01721
ANINA,1
ANISA,1
ANITA,3.610985
ANITTA,1.022127
ANIZIA,1
ANJA,1
ANKA,1
ANN,1.002459
ANNA,423.824732
'ANNA - MARIE',1.004917
'ANNA MARIE',1.044254
ANNABELLA,1
ANNALIES,1.004917
ANNALIESA,1.024586
ANNALIESE,1.046713
ANNALISA,1
ANNAMARIA,1.012293
ANNA-MARIA,1.012293
ANNAMÁRIA,1.014751
ANNAMARIE,1.233563
ANNA-MARIE,1.40812
ANNASTASIE,1
ANNASTAZIE,1.054088
ANNASTÁZIE,1.054088
ANNE,1.031961
ANNELIE,1.01721
ANNELIES,1.417954
ANNELIESA,1.041795
ANNELIESE,1.253231
ANNELIS,1.007376
ANNELISA,1.002459
ANNELISE,1.01721
ANNEMARIE,1.725274
ANNE-MARIE,1.01721
ANNEROSE,1
ANNETA,1.01721
ANNETTA,1.009834
ANNETTE,1.113094
ANNI,1.002459
ANNIE,1.004917
ANNIKA,1
ANNITA,1.01721
ANNY,1
ANSELMA,1.066381
ANTOINETTA,1.002459
ANTOINETTE,1.004917
ANTONIA,1.779362
ANTÓNIA,1.410579
ANTONIE,30.778017
ANTÓNIE,1
ANTONÍN,1.014751
ANTONINA,1.086049
ANTONÍNA,1.526131
ANTULA,1.007376
ANUŠE,1.027044
ANUŠKA,1.01721
ANŽELA,1.012293
ANŽELIKA,1.007376
APOLENA,1.481877
APOLÉNA,1.009834
APOLLONIA,1.004917
APOLLONIE,1.002459
APOLONIA,1.181933
APOLÓNIA,1.03442
APOLONIE,1.302402
ARANA,1.06884
ARANKA,2.047344
ARETI,1
ARIADNA,1.007376
ARIANA,1.083591
ARIELA,1.002459
ARINA,1.002459
ARLENA,1.002459
ARLETA,1.05163
ARLETTE,1.01721
ARNA,1.03442
ARNOŠTA,1.410579
ARNOŠTKA,2.755408
ARTEMIS,1
ASJA,1.002459
ASTA,1.024586
ASTRID,1.172099
ASTRIDA,1.03442
ATANASIA,1.007376
ATHINA,1.012293
ATINA,1.029503
AUGUSTA,1.705605
AUGUSTINA,1.914582
AUGUSTÍNA,1.061464
AUGUSTÝNA,1.002459
AURELIA,1.368783
AURÉLIA,1.140138
AURELIE,2.280907
AURÉLIE,1.031961
AURIKA,1.002459
AURORA,1.012293
AYLIN,1.002459
BABETA,1.103259
BÁRA,2.509553
BARBARA,4.958273
BÄRBEL,1.004917
BARBORA,85.072744
BARBORKA,1.012293
BARUNKA,1.05163
BARUŠKA,1.002459
BASILIE,1.004917
BEATA,3.325793
BEÁTA,3.259412
BEATE,1
BEATRICA,1.004917
BEATRICE,1.248314
BEATRIX,1.078674
BEATRIZ,1.019668
BEDŘICHA,1.056547
BEDŘIŠKA,7.61843
BĚLA,4.842721
BĚLENA,1.009834
BĚLINA,1.029503
BELINDA,1.024586
BĚLINKA,1.014751
BĚLOSLAVA,1.002459
BĚLUŠE,1.329446
BĚLUŠKA,1.039337
BENEDIKTA,1.041795
BERENIKA,1.319612
BERIT,1
BERNADETA,1.115552
BERNADETTA,1.039337
BERNARDA,1.196684
BERNARDETA,1.063922
BERNARDETTA,1.014751
BERNARDINA,1.472043
BERNARDÍNA,1.22127
BERTA,4.513275
BERTHA,1.002459
BERTINA,1.002459
BESSIE,1
BĚTA,1.027044
BETTINA,1.002459
BETTY,1.022127
BĚTUŠE,1.007376
BĚTUŠKA,1.113094
BIANCA,1.083591
BIANKA,1.110635
BIBIANA,1.201602
BIBIÁNA,1.093425
BILJANA,1
BIRGIT,1.019668
BIRGITA,1.002459
BLAHOMILA,1.007376
BLAHOMÍRA,1.044254
BLAHOSLAVA,1.567926
BLAHOSLÁVKA,1.009834
BLANDINA,1.019668
BLANDÍNA,1
BLANIČKA,1.01721
BLANKA,86.820776
BLAŽEJA,1.022127
BLAŽEJKA,1.036878
BLAŽENA,30.746056
BLAŽENKA,1.132762
BOGUMILA,1.004917
BOGUSLAWA,1
BOHDANA,5.614708
BOHDANKA,1.258148
BOHUMIL,1
BOHUMILA,33.738117
BOHUMÍRA,2.863585
BOHUNA,1.039337
BOHUNKA,2.288283
BOHUSLAVA,17.206794
BOHUSLÁVKA,1.031961
BOHUŠE,1.103259
BOHUŠKA,1.118011
BOHUVĚRA,1.041795
BOJANA,1.022127
BOLESLAVA,1.18685
BORISLAVA,1.009834
BORIŠA,1.004917
BOŽENA,191.289692
BOŽENKA,1.095884
BOŽISLAVA,1.004917
BRANISLAVA,1.027044
BRANKA,1.004917
BRENDA,1.073757
BRIGITA,4.783716
BRIGITTA,1.462208
BRIGITTE,1.06884
BRITA,1.002459
BROŇA,1.009834
BRONISLAVA,12.095458
BRONISLAWA,1.009834
BRUNHILDA,1.292568
BRUNHILDE,1.009834
BŘETISLAVA,1.223728
CAMILLA,1.019668
CAMILLE,1
CANDIDA,1
CARINE,1
CARMEN,1.326988
CAROL,1
CAROLA,1.014751
CAROLE,1
CAROLINA,1.06884
CAROLINE,1.135221
CATHERINE,1.039337
CECILIA,1.243397
CECÍLIA,1.302402
CECILIE,4.813219
CECÍLIE,1.368783
CECYLIA,1.007376
CELESTINA,1.140138
CELESTÍNA,1.024586
CELESTÝNA,1.061464
CELINA,1
CINDY,1.06884
CITA,1.004917
CLAIRE,1.002459
CLARA,1.022127
CLAUDIA,1.297485
CLAUDIE,1.201602
COLETTE,1.01721
CORINA,1
CORNELIA,1.014751
CRISTINA,1.041795
CSILLA,1.009834
CTIRADA,1.031961
CTISLAVA,1.024586
CVETA,1.012293
CVETANA,1
CVETANKA,1.004917
CYNTHIA,1.004917
CYRILA,1.179475
CYRILKA,1.049171
CYRILLA,1.049171
CZESLAWA,1.019668
ČEŇKA,1.019668
ČESLAVA,1.103259
ČESTMÍRA,1.093425
DAFINA,1
DAFNI,1.004917
DAGMAR,139.369929
DAGMARA,1.449916
DAISY,1.009834
DAJA,1.002459
DÁJA,1.014751
DAJANA,1.108176
DAJÁNA,1.019668
DALENA,1.05163
DALIA,1.009834
DALIBORA,1.071298
DALIDA,1
DALIE,1.004917
DALILA,1.105718
DALIMILA,1.174557
DAMARIS,1.01721
DANA,130.270817
DAŇA,1.059005
DÁŇA,1.014751
DANICA,1.61218
DANIČKA,1.009834
DANIELA,55.501245
DANIELLA,1.01721
DANIELLE,1.024586
DANILA,1.004917
DANISA,1.002459
DANISLAVA,1.041795
DANKA,1.784279
DANUŠ,1.009834
DANUŠA,1.098342
DANUŠE,47.196247
DANUŠKA,7.168514
DANUTA,2.130935
DARA,1.029503
DARENA,1.004917
DARIA,1.870328
DÁRIA,1.007376
DARIE,1.118011
DARIJA,1.022127
DARINA,11.375102
DARÍNA,1
DARINKA,1.054088
DARJA,3.062728
DARKA,1.007376
DARUŠE,1.036878
DARUŠKA,1.049171
DARYNA,1
DAŠA,1.944085
DÁŠA,7.869202
DAŠENA,1.009834
DAŠENKA,1.061464
DÁŠENKA,1.250773
DEANA,1.009834
DEBORA,1.167182
DEBORAH,1.036878
DEJANA,1
DELIA,1
DENIS,1.002459
DENISA,44.472168
DENISE,1.063922
DESANKA,1.01721
DESPINA,1.036878
DĚVANA,1.01721
DIANA,7.394701
DIETLINDA,1.002459
DIETLINDE,1.019668
DIJANA,1.002459
DIMITRA,1.049171
DIMITRINA,1.009834
DIMITRULA,1.009834
DINA,1.105718
DINKA,1.002459
DITA,12.852693
DITTA,1.135221
DJAMILA,1
DOBRA,1.012293
DOBROMILA,4.958273
DOBROMÍRA,1.007376
DOBROSLAVA,4.090404
DOBRUNKA,1
DOBRUŠA,1.002459
DOBRUŠE,1.06884
DOBRUŠKA,1.167182
DOBŘENA,1.004917
DOLORES,1.118011
DOMENICA,1
DOMINICA,1.022127
DOMINIK,1
DOMINIKA,18.367232
DOMINIQUE,1
DOMINKA,1
DOŇA,1.002459
DONÁTA,1.002459
DONIKA,1
DONKA,1.03442
DORA,1.550716
DORIS,1.840826
DORIT,1.009834
DORITH,1.002459
DOROTA,3.052893
DOROTEA,1.036878
DOROTHEA,1.15243
DOROTKA,1.029503
DOUBRAVA,1.007376
DOUBRAVKA,1.501545
DRAGA,1.140138
DRAGANA,1.009834
DRAGICA,1.078674
DRAHA,1.004917
DRAHOMILA,1.331905
DRAHOMÍLA,1.002459
DRAHOMIRA,1.01721
DRAHOMÍRA,49.802315
DRAHOMIŘ,1
DRAHOSLAVA,12.004492
DRAHOTÍNA,1.007376
DRAHUŠA,1.031961
DRAHUŠE,4.395264
DRAHUŠKA,1.570385
DUŇA,1.022127
DUNG,1
DUSJA,1.002459
DUŠANA,1.331905
DUŠANKA,1.022127
DŽAMILA,1.027044
EDA,1.027044
EDDA,1.135221
EDELGARD,1.007376
EDELTRAUD,2.017842
EDELTRAUDA,1.639224
EDELTRAUDE,1.036878
EDELTRAUT,1.147513
EDELTRAUTA,1.009834
EDELTRUD,1.03442
EDELTRUDA,1.587595
EDELTRUDE,1.009834
EDINA,1.004917
EDIT,1.063922
EDITA,16.813425
EDITH,1.703147
EDITHA,1.184392
EDITKA,1.002459
EDUARDA,1.127845
EDVARDA,1.007376
EDVINA,1.002459
EDYTA,1.019668
EFTICHIA,1
EFTIMIA,1.004917
EHRENTRAUD,1.004917
EKATERINA,1.009834
EKATERINI,1.007376
ELA,1.277817
ELDA,1
ELEFTERIA,1.039337
ELEKTA,1
ELEN,1.602346
ELENA,8.515802
ELENI,1.319612
ELENKA,1.022127
ELEONORA,3.684742
ELEONÓRA,1.211436
ELEVTERIA,1
ELFI,1.009834
ELFRIDA,1.44254
ELFRÍDA,1.931792
ELFRIEDA,1.872787
ELFRIEDE,1.191767
ELFRYDA,1.002459
ELFRÝDA,1.012293
ELI,1.004917
ELIANA,1.009834
ELIGIA,1
ELIGIE,1.007376
ELINA,1.007376
ELINOR,1.004917
ELISA,1.027044
ELISABET,1.024586
ELISABETA,1.076215
ELISABETH,1.329446
ELISABETTA,1.007376
ELISAVET,1.007376
ELISAVETA,1.004917
ELIŠKA,76.349791
ELIZABET,1.002459
ELIZABETA,1.014751
ELIZABETH,1.270441
ELIZAVETA,1.01721
ELKA,1.01721
ELKE,1.027044
ELLA,1.40812
ELLEN,1.531048
ELLI,1.036878
ELLY,1.019668
ELMÍRA,1
ELPIDA,1.007376
ELSA,1.513838
ELSE,1.007376
ELTRUDA,1
ELVIRA,1.06884
ELVÍRA,1.865411
ELZA,1.061464
ELZBIETA,1.063922
ELŽBIETA,1.059005
EMA,4.886975
EMANUELA,1.649058
EMERENCIA,1.03442
EMERENCIE,1.014751
EMILA,1.024586
EMILE,1.007376
EMILIA,3.200407
EMÍLIA,6.153131
EMILIANA,1.019668
EMILIÁNA,1.002459
EMILIE,69.75103
EMÍLIE,4.702584
EMILIJA,1.004917
EMILKA,1.007376
EMILY,1.012293
EMMA,3.099606
EMMY,1
ENGELBERTA,1.004917
ERICA,1.002459
ERIKA,16.32909
ERINA,1.007376
ERMELINDA,1
ERMIONI,1
ERNA,3.197948
ERNESTA,1
ERNESTINA,1.226187
ERNESTÍNA,1.090967
ERNESTINE,1.019668
ERNESTYNA,1
ERNESTÝNA,1
ERVÍNA,1.059005
ERYKA,1
ERZSÉBET,1.007376
ERŽIKA,1.081132
ESMERALDA,1
ESTER,4.690291
ESTERA,1.393369
ESTHER,1.046713
ETA,1.007376
ETEL,1.024586
ETELA,2.364498
ETELKA,1.164723
ETHEL,1.007376
EUDOKIE,1
EUFEMIE,1.01721
EUFROZINA,1.002459
EUGENIA,1.049171
EUGÉNIA,1.004917
EUGENIE,2.583309
EUGÉNIE,1
EULÁLIA,1
EULALIE,1.01721
EUNIKA,1.059005
EVA,403.116324
EVA-MARIE,1
EVANGELIA,1.022127
EVANTIA,1.004917
EVDOKIA,1.002459
EVDOKIE,1.002459
EVDOXIA,1.004917
EVDOXIE,1
EVELIN,1.01721
EVELINA,1.3737
EVELÍNA,1.218811
EVELINE,1.009834
EVELYN,1.081132
EVELYNA,1.090967
EVELYNE,1.007376
EVGENIE,1.03442
EVGENIJA,1.002459
EVIČKA,1.098342
EVŽA,1.01721
EVŽENA,1.695771
EVŽENIE,4.677998
EVŽENKA,1.103259
EWA,1.122928
FABIANA,1
FABIÁNA,1.004917
FANA,1
FANI,1.002459
FARIDA,1
FATIMA,1.100801
FEDERICA,1.004917
FEDORA,1.004917
FELICIA,1.022127
FELICIE,1.061464
FELICITA,1.073757
FELICITAS,1.157348
FELIKSA,1.002459
FELIXA,1.002459
FELIZITAS,1
FEODORA,1
FERDINANDA,1
FILIPA,1.024586
FILIPINA,1.071298
FILIPÍNA,1.05163
FILIPKA,1.024586
FILOMENA,2.558724
FILOMÉNA,1.45975
FLORA,1.039337
FLÓRA,1.014751
FLORENCE,1
FLORENTINA,1.093425
FLORENTÍNA,1
FLORIANA,1
FLORIÁNA,1.007376
FLORIKA,1
FOTINI,1.014751
FRANCESCA,1.03442
FRANTIŠEK,1
FRANTIŠKA,63.287489
FRANZISKA,1.029503
FREDERIKA,1.041795
FRIDA,1.086049
FRÍDA,1.046713
FRIDERIKA,1.014751
FRIDOLINA,1
FRIDOLÍNA,1
FRIEDA,1.304861
FRIEDERIKA,1.027044
FRIEDERIKE,1
FRÝDA,1.009834
GABRIELA,65.817342
GABRIELE,1.007376
GABRIELLA,1.014751
GAIA,1
GALINA,2.192399
GALJA,1
GARIKA,1.002459
GEMMA,1.002459
GENA,1
GEŇA,1.002459
GENOVEFA,1.093425
GENOVÉFA,1.007376
GENOVEVA,1.049171
GENOVÉVA,1.03442
GENOWEFA,1.054088
GEORGIA,1.041795
GEORGINA,1.012293
GEORGÍNA,1.007376
GERDA,1.892455
GERHILDA,1
GERLINDA,1.708064
GERLINDE,1.236021
GERMAINE,1.007376
GERTA,1.499087
GERTI,1
GERTRAUD,1.118011
GERTRAUDA,1.022127
GERTRUD,1.184392
GERTRUDA,8.29945
GERTRÚDA,1.027044
GERTRŮDA,1.06884
GERTRUDE,1.029503
GILBERTA,1.004917
GILDA,1.002459
GINA,1.063922
GINETTE,1.01721
GINKA,1.004917
GIOVANNA,1.01721
GISELA,1.953919
GISELLA,1.007376
GITA,1.592512
GITTA,1.022127
GIULIA,1.029503
GIZELA,3.453638
GIZELLA,1.145055
GLIKERIA,1.002459
GLORIA,1.01721
GLORIE,1
GORDANA,1.031961
GRAZIELLA,1
GRAZYNA,1.05163
GRAŽENA,1
GRAŽINA,1.007376
GRAŽYNA,1.331905
GRETA,1.324529
GRÉTA,1.135221
GRETE,1.004917
GUDRUN,1.086049
GUSTA,1.046713
GUSTAVA,1.127845
GUSTINA,1.007376
GYÖNGYIKE,1
HAFIE,1
HAIDI,1
HAJNALKA,1.012293
HALINA,3.389715
HALKA,1.376159
HANA,375.22156
HANAN,1.002459
HANELORA,1.007376
HANELORE,1.06884
HANIČKA,1.875246
HANKA,1.125386
HANNA,1.334363
HANNAH,1.012293
HANNELIES,1
HANNELORA,1.03442
HANNELORE,1.624473
HANUŠE,1.027044
HANUŠKA,1.012293
HÁTA,1.03442
HEDA,1.339281
HEDDA,1.009834
HEDVA,1.002459
HEDVIČKA,1
HEDVIGA,1.398286
HEDVIKA,24.262847
HEDVÍKA,1.009834
HEDWIG,1.004917
HEDWIGA,1.004917
HEIDE,1.022127
HEIDELIES,1.004917
HEIDELINDE,1.022127
HEIDEMARIE,1.130303
HEIDI,1.149972
HEIDRUM,1.002459
HEIDRUN,1.073757
HEIDRUNA,1
HEIKE,1.002459
HELA,1.05163
HELEN,1.01721
HELENA,227.995916
HELENE,1.009834
HELENKA,1.179475
HELGA,4.628827
HELIODORA,1
HELLA,1.03442
HELMA,1.098342
HELMTRAUD,1.004917
HENDRIKA,1
HENRIETA,1.275358
HENRIETTA,1.046713
HENRIETTE,1.012293
HENRIKA,1.009834
HENRYKA,1.039337
HERMA,1.059005
HERMENEGILDA,1.004917
HERMINA,1.553175
HERMÍNA,4.859931
HERMINE,1.012293
HERTA,3.030766
HERTHA,1.019668
HEŘMA,1.056547
HEŘMINA,1.002459
HEŘMÍNA,1.002459
HIEN,1
HILDA,4.323966
HILDE,1.009834
HILDEGARD,1.617097
HILDEGARDA,6.049872
HILDEGARDE,1.022127
HILMA,1.002459
HONORATA,1.014751
HORTENSIE,1.002459
HORTENZIA,1
HUBERTA,1.009834
HUGUETTE,1
HUONG,1
HVĚZDOSLAVA,1.039337
HYACINTA,1.009834
CHANTAL,1.007376
CHARIKLIA,1.007376
CHARLOTA,1.3737
CHARLOTTA,1.479418
CHARLOTTE,1.363866
CHIARA,1.039337
CHRISANTI,1.009834
CHRISI,1.002459
CHRISTA,1.437623
CHRISTEL,1.024586
CHRISTIANA,1.05163
CHRISTIANE,1.022127
CHRISTINA,1.341739
CHRISTINE,1.130303
CHRISTL,1.009834
CHRISULA,1.056547
IBOJA,1.046713
IBOĽA,1
IBOLJA,1.002459
IBOLYA,1.03442
IDA,3.537229
IJA,1.007376
ILA,1.01721
ILDIKA,1
ILDIKO,1.036878
ILDIKÓ,1.088508
ILEANA,1.041795
ILENA,1.054088
ILGA,1.014751
ILIA,1
ILIANA,1.004917
ILIJA,1.004917
ILJA,1.191767
ILJANA,1.046713
ILJUŠE,1.002459
ILJUŠKA,1.007376
ILKA,1.041795
ILLONA,1.118011
ILLONKA,1
ILMA,1
ILONA,53.222165
ILONIE,1.009834
ILONKA,1.926875
ILSA,1.617097
ILSE,1.417954
ILUŠE,1.01721
ILUŠKA,1.014751
ILZA,1.024586
IMAN,1
IMELDA,1.01721
IMRIŠKA,1
INA,1.083591
INDIRA,1
INDRA,1.024586
INES,1.054088
INÉS,1.009834
INESA,1
INESSA,1.009834
INEZ,1.027044
INÉZ,1.054088
INGA,1.059005
INGE,1.818699
INGEBORG,3.168445
INGEBORGA,1.063922
INGEBURG,1.044254
INGRID,7.611054
INGRIDA,1.081132
INGRIT,1.007376
INKA,1.710522
INNA,1.122928
INUŠE,1
IOANNA,1.002459
IRA,1.009834
IRAIDA,1.01721
IRČA,1.140138
IRENA,118.644311
IRÉNA,1.172099
IRENE,1.036878
IRENEA,1.009834
IRENKA,1.218811
IRINA,1.658893
IRINI,1.066381
IRIS,1.172099
IRMA,5.041864
IRMENGARD,1
IRMGARD,1.617097
IRMGARDA,1.233563
IRMINA,1
IRMTRAUD,1.061464
IRMTRAUT,1.002459
IRUŠKA,1
ISABEL,1.029503
ISABELA,1.464667
ISABELLA,1.149972
ISABELLE,1.019668
ISOLDA,1.145055
ISOLDE,1.054088
ITA,1.039337
IVA,64.757704
IVANA,173.138181
IVANKA,11.714382
IVÁNKA,1.066381
IVETA,89.114608
IVETTA,1.22127
IVICA,1.039337
IVONA,11.670128
IVONKA,1.223728
IVONNA,1.071298
IVONNE,1.019668
IVUŠE,1.044254
IVUŠKA,1.125386
IWETTA,1.002459
IWONA,1.041795
IZABELA,1.708064
IZABELLA,1.004917
JACGUELINA,1.002459
JACGUELINE,1.012293
JACQUELINA,1.014751
JACQUELINE,1.108176
JADRANA,1.002459
JADRANKA,1.031961
JADVIGA,1.03442
JADWIGA,1.228646
JAN,1.027044
JANA,679.273504
JÁNA,1.004917
JANE,1.009834
JANET,1.03442
JANETA,1.147513
JANETTA,1.2729
JANETTE,1.280275
JANIČKA,1.03442
JANINA,1.976046
JANKA,3.792918
JÁNKA,1
JANNA,1.014751
JANULA,1.03442
JANUŠE,1.061464
JANUŠKA,1.012293
JARA,1.029503
JARČA,1.009834
JARINA,1.01721
JARKA,1.095884
JARMILA,204.578181
JARMILKA,1.046713
JAROLÍMA,1.004917
JAROMILA,1.039337
JAROMÍRA,9.882759
JAROSLAV,1.029503
JAROSLAVA,255.226871
JARUŠE,1.378617
JARUŠKA,4.857473
JARYNA,1.012293
JASANA,1.004917
JASMIN,1.019668
JASMÍNA,1.154889
JASMINE,1
JASNA,1.194226
JASŇA,1
JASNĚNA,1.164723
JASNĚNKA,1.012293
JASNUŠE,1.012293
JASNUŠKA,1.066381
JEANETA,1.019668
JEANETTA,1.093425
JEANETTE,1.174557
JEANNE,1.039337
JEANNETTA,1.004917
JEANNETTE,1.086049
JEANNINE,1.002459
JEKATĚRINA,1.029503
JELA,1.059005
JELENA,2.24157
JELENKA,1.041795
JELISAVETA,1
JELIZAVETA,1.031961
JENA,1.44254
JENIČKA,1.118011
JENÍČKA,1.004917
JENIFER,1.147513
JENKA,1.059005
JENNIFER,1.167182
JENNY,1.103259
JENOFEFA,1.009834
JENOFÉFA,1.007376
JENOFKA,1.002459
JENOVEFA,1.858036
JENOVÉFA,1.440081
JENY,1.01721
JERONÝMA,1
JESICA,1.002459
JESIKA,1.499087
JESSICA,1.617097
JESSIKA,1.007376
JEVDOKIE,1.009834
JEVDOKIJA,1
JEVGENIJA,1.041795
JILJA,1.002459
JINDRA,10.177785
JINDRIŠKA,1
JINDŘICHA,1.228646
JINDŘIŠKA,46.888927
JIRENA,1
JIRENKA,1
JIRKA,1.01721
JIŘÍ,1.014751
JIŘIČKA,1.024586
JIŘINA,195.567577
JIŘÍNA,1.110635
JIŘINKA,3.247119
JISKRA,1.009834
JITA,1.009834
JITKA,203.294815
JITŘENA,1.027044
JITŘENKA,1.983422
JITUŠKA,1.012293
JOAN,1.007376
JOANA,1.012293
JOANETA,1.002459
JOANNA,1.199143
JOHANA,4.931229
JOHANKA,1.218811
JOHANNA,1.779362
JOLANA,15.431717
JOLÁNA,1.002459
JOLANDA,1.086049
JOLANKA,1.056547
JOLANTA,1.385993
JORDANA,1.029503
JORDANKA,1.031961
JORGA,1.054088
JORIKA,1.004917
JOSEF,1.022127
JOSEFA,24.548039
JOSEFINA,1.794113
JOSEFÍNA,1.754776
JOSEFKA,1.44254
JOSEPHINE,1
JOVANA,1.103259
JOVANKA,1.073757
JOVITA,1
JOYCE,1.002459
JOZEFA,2.571017
JÓZEFA,1.014751
JOZEFINA,1.405662
JOZEFÍNA,1.872787
JOŽKA,1.004917
JUANITA,1.007376
JUDIT,1.019668
JUDITA,3.665074
JUDITH,1.039337
JULIA,2.069471
JÚLIA,2.841458
JULIANA,3.529853
JULIÁNA,1.464667
JÚLIANA,1.039337
JULIANNA,1.307319
JULIÁNNA,1.014751
JULIE,20.117723
JÚLIE,1.044254
JŮLIE,1.044254
JULIETA,1
JULIETTA,1
JULIJA,1.007376
JURANA,1.019668
JURINA,1.031961
JUSTA,1.002459
JUSTINA,2.755408
JUSTÍNA,1.366325
JUSTYNA,1.022127
JUSTÝNA,1.127845
JUTA,1.031961
JUTTA,1.15243
KAJA,1.004917
KÁJA,1.004917
KAJETÁNA,1.014751
KALINA,1.046713
KALIOPI,1.012293
KAMILA,42.552037
KAMILLA,1.009834
KAREL,1.01721
KAREN,1.135221
KAREŘINA,1.027044
KARIMA,1.004917
KARÍMA,1
KARIN,8.215859
KARINA,2.421045
KARÍNA,1.073757
KARINE,1
KARLA,21.21178
KARLIČKA,1
KARMELA,1.019668
KARMEN,1.154889
KAROLA,1.054088
KAROLINA,9.565605
KAROLÍNA,30.95995
KAROLINE,1.007376
KATA,1.002459
KÁŤA,1.01721
KATALIN,1.014751
KATARINA,2.457923
KATARÍNA,6.057247
KATARZYNA,1.167182
KATE,1
KATERINA,1.135221
KATERÍNA,1.01721
KATEŘINA,228.876079
KATHARINA,1.05163
KATHERINE,1.004917
KATHRIN,1.027044
KATICA,1
KATINA,1.056547
KATJA,1.007376
KATKA,1.16964
KATRIN,1.826074
KATRINA,1.009834
KATUŠE,1.154889
KATY,1.002459
KAZI,1.041795
KAZIMIERA,1.041795
KAZIMÍRA,1.137679
KELLY,1.009834
KERSTIN,1.022127
KETRIN,1.004917
KETTY,1.007376
KIM,1.044254
KIMBERLEY,1
KINGA,1
KIRA,1.039337
KIRIAKI,1.002459
KITTY,1.027044
KLARA,1.046713
KLÁRA,57.991761
KLÁRKA,1.009834
KLAUDIA,1.2729
KLAUDIE,2.143228
KLAVDIA,1
KLAVDIJA,1.007376
KLEMENTA,1.004917
KLEMENTINA,1.277817
KLEMENTÍNA,1.044254
KLEOPATRA,1.007376
KLOTILDA,1.23848
KLOTYLDA,1.071298
KONSTANCIE,1.024586
KONSTANDINA,1
KONSTANTINA,1.071298
KORINA,1.014751
KORNELIA,1.100801
KORNÉLIA,1.090967
KORNELIE,1.339281
KORNÉLIE,1.071298
KRASAVA,1.014751
KRESCENCIE,1
KRIMHILDA,1
KRISTA,4.456728
KRISTIANA,1.071298
KRISTIÁNA,1.027044
KRISTINA,20.287363
KRISTÍNA,3.121733
KRISTINE,1.002459
KRISTYNA,1.118011
KRISTÝNA,67.786644
KRISTÝNKA,1.002459
KRYSTINA,1.014751
KRYSTÍNA,1.004917
KRYSTYNA,1.580219
KRYSTÝNA,1.228646
KSENIA,1
KSENIE,1
KULA,1
KUNHUTA,1.01721
KVETA,1.113094
KVĚTA,24.248095
KVĚTENA,1.049171
KVĚTOMILA,1.100801
KVETOSLAVA,1.835909
KVETOSLÁVA,1
KVĚTOSLAVA,59.080901
KVETUŠA,1.002459
KVĚTUŠA,1.007376
KVĚTUŠE,22.234539
KVĚTUŠKA,1.939168
KYRIAKI,1
LADA,13.695978
LADĚNA,1.049171
LADIMÍRA,1
LADISLAVA,26.886125
LADUŠE,1.009834
LAILA,1.027044
LAJLA,1.019668
LAN,1.004917
LARA,1.014751
LARISA,1.400744
LARISSA,1.029503
LARYSA,1
LAURA,2.138311
LAURENCIA,1.002459
LAURENCIE,1.007376
LEA,3.463472
LEANDRA,1.01721
LEFTERIA,1.007376
LEILA,1.086049
LEJLA,1.024586
LENA,1.622014
LEŇA,1
LÉNA,1.014751
LENKA,285.764581
LEOKADIA,1.027044
LEOKADIE,1.260607
LEOKÁDIE,1.014751
LEONA,14.227025
LEÓNA,1
LEONARDA,1.046713
LEONIDA,1.027044
LEONIE,1.086049
LEONILA,1.012293
LEONKA,1.088508
LEONORA,1.06884
LEONTINA,1.420413
LEONTÍNA,1.012293
LEONTÝNA,1.154889
LEOPOLDA,1.676103
LEOPOLDINA,2.079306
LEOPOLDÍNA,1.019668
LEOPOLDINE,1.002459
LESANA,1.012293
LETICIE,1
LIA,1.22127
LÍA,1
LIANA,1.990798
LIÁNA,1.044254
LIANE,1.036878
LIBĚNA,2.578392
LIBĚNKA,1
LIBĚSLAVA,1
LIBORA,1.054088
LIBORKA,1.019668
LIBOSLAVA,1.044254
LIBUŠA,1.454833
LIBUŠE,136.247564
LIBUŠKA,1.113094
LIDA,1.059005
LÍDA,1.181933
LIDIA,1.535965
LÍDIA,1.095884
LIDIE,1.830992
LIDIJA,1.081132
LIDKA,1.149972
LIDMILA,11.402146
LIDUNKA,1.004917
LIDUŠA,1.004917
LIDUŠE,1.45975
LIDUŠKA,1.926875
LIDVINA,1.039337
LIDVÍNA,1
LIDYE,1.029503
LIESELOTA,1
LIESELOTTA,1.029503
LIESELOTTE,1.181933
LIKA,1
LILA,1.071298
LILI,1.172099
LILIA,1.024586
LILIAN,1.132762
LILIANA,1.740025
LILIÁNA,1.004917
LILIANE,1.01721
LILIE,1.027044
LILIJA,1.03442
LILIJANA,1.002459
LILJANA,1.002459
LILKA,1.002459
LILLA,1.009834
LILLI,1.059005
LILLIAN,1.01721
LILLY,1.06884
LILY,1.01721
LINA,1.078674
LINDA,11.126788
LISA,1.01721
LISELOTA,1.027044
LISELOTTA,1.036878
LISELOTTE,1.127845
LIVIA,1.122928
LÍVIA,1.282734
LIVIE,1.115552
LÍZA,1
LJERKA,1.007376
LJILJANA,1.012293
LJUBA,2.116184
LJUBICA,1.093425
LJUBOMÍRA,1
LJUBOV,1.179475
LJUDMILA,1.059005
LOLA,1.027044
LONGINA,1.01721
LORA,1.009834
LORETA,1.002459
LOTA,1.044254
LOTKA,1.029503
LOTTA,1.029503
LOTTE,1.044254
LOUISA,1.03442
LOUISE,1.027044
LUBA,1.063922
ĽUBA,1.063922
LUBĚNA,1.06884
LUBĚNKA,1
LUBICA,1.248314
ĹUBICA,1.024586
ĽUBICA,2.273531
LUBISLAVA,1.044254
LUBOMILA,1.002459
LUBOMÍRA,2.602978
ĽUBOMÍRA,1.317154
LUBORA,1.002459
LUBOSLAVA,1.01721
ĽUBOSLAVA,1.088508
LUBOV,1.007376
ĽUBOV,1.029503
ĽUBUŠA,1.01721
LUCIA,2.556265
LUCIANA,1.031961
LUCIÁNA,1.009834
LUCIE,216.782447
LUCIENNE,1.004917
LUCJA,1.031961
LUCY,1
LUCYNA,1.090967
LUĎA,1.059005
LUDĚNA,1.019668
LUDĚNKA,1.022127
LUDGARDA,1
LUDISLAVA,1.061464
LUDIŠE,1.078674
LUĎKA,1.961295
LUDMILA,254.555685
ĹUDMILA,1.036878
ĽUDMILA,3.040601
LUDMILLA,1
LUDOSLAVA,1.056547
LUDOVIKA,1.007376
LUDVIČKA,1
LUDVIKA,1.69823
LUDVÍKA,1.265524
LUDVINA,1.039337
LUISA,1.489252
LUISE,1.063922
LUIZA,1.012293
LUJZA,1.110635
LUKRÉCIA,1.002459
LUKRECIE,1.002459
LUKRÉCIE,1.009834
LUMÍRA,1.061464
LYA,1
LYDIA,1.639224
LÝDIA,2.10635
LYDIE,7.810197
LÝDIE,2.145687
LYGIE,1
MADELEINE,1.039337
MADLA,1.014751
MADLEN,1.002459
MADLENA,1.004917
MAGDA,14.463047
MAGDALENA,24.990579
MAGDALÉNA,12.808439
MAGDALINA,1.012293
MAHULENA,1.122928
MAI,1.007376
MAJA,1.125386
MÁJA,1.2729
MAJDALENA,1.002459
MALGORZATA,1.083591
MALVINA,1.059005
MALVÍNA,1.437623
MANON,1.007376
MANUELA,1.218811
MARCELA,138.467639
MARCELINA,1.027044
MARCELÍNA,1.031961
MARCELKA,1.031961
MARCELLA,1.206519
MARGARET,1.022127
MARGARETA,2.760325
MARGARÉTA,1.046713
MARGARETE,1.041795
MARGARETHA,1.036878
MARGARETHE,1.004917
MARGARETTA,1.002459
MARGARITA,1.285192
MARGETA,1.024586
MARGHERITA,1.004917
MARGIT,2.516928
MARGITA,17.838643
MARGITHA,1
MARGITTA,1.012293
MARGOT,1.240938
MARGOTT,1
MARGUERITE,1
MARIA,8.346162
MÁRIA,33.794664
'MARIA MAGDALENA',1
MARIA-LUISA,1
MARIAM,1.024586
MARIANA,3.404467
MARIÁNA,1.01721
MARIANE,1.014751
MARIANNA,2.509553
MARIANNE,1.341739
MARIANTI,1
MARICA,1.056547
MARIE,1001
MÁRIE,1.081132
'MARIE MAGDALENA',1.039337
MARIEANNA,1
MARIE-ANNA,1.022127
MARIE-LUISA,1
MARIE-MAGDALENA,1.019668
MARIETA,1.100801
MARIETTA,1.06884
MARIETTE,1.002459
MARIJA,1.223728
MARIJANA,1.007376
MARIJKA,1.01721
MARIKA,5.636835
MARILYN,1.01721
MARINA,1.324529
MARÍNA,1.039337
MARIOLA,1.113094
MARION,1.100801
MARITA,1.056547
MARITTA,1.007376
MARJA,1.01721
MARKA,1.009834
MARKETA,2.494801
MARKÉTA,126.494477
MARKÉTKA,1.007376
MARLEN,1.061464
MARLENA,1.086049
MARLENE,1.027044
MARLIES,1.014751
MARLIS,1.009834
MARTA,127.300883
MÁRTA,1.031961
MARTHA,1.066381
MARTIN,1.012293
MARTINA,189.917818
MARUSJA,1
MARUŠ,1.002459
MARUŠA,1.004917
MARUŠE,1.590053
MARUŠKA,1.690854
MARY,1
MARYLA,1.132762
MARYNA,1.014751
MARYŠA,1.164723
MARYŠKA,1.029503
MAŘENKA,1.019668
MAŘÍ,1.022127
MÁŘÍ,1.002459
'MAŘÍ MAGDALENA',1.213894
'MÁŘÍ MAGDALENA',1.05163
'MÁŘÍ MAGDALÉNA',1
MAŘÍ-MAGDALENA,1.031961
MÁŘÍ-MAGDALENA,1.004917
MÁŠA,1.108176
MATHILDA,1.132762
MATHILDE,1.002459
MATILDA,1.929334
MATYLDA,2.900463
MAUD,1.014751
MAYA,1.004917
MEČISLAVA,1.01721
MEDA,1.007376
MEDEA,1.007376
MELANIA,1.15243
MELÁNIA,1.191767
MELANIE,2.086681
MELÁNIE,1.344198
MELINA,1.002459
MELINDA,1.049171
MELISA,1.061464
MELISSA,1.029503
MELITA,1.098342
MELITTA,1.066381
MELPOMENI,1.002459
MERCEDES,1.081132
MERI,1.002459
MERITA,1
META,1.012293
METODĚJKA,1.019668
MIA,1.009834
MICHAELA,155.281696
MICHALA,8.562515
MICHALINA,1.031961
MICHELA,1.002459
MICHELE,1.031961
MICHÉLE,1.009834
MICHELLE,1.218811
MILA,1.027044
MÍLA,1.154889
MILADA,100.805037
MILANA,2.401376
MILANKA,1.012293
MILDA,1
MILENA,69.873957
MILENKA,1.078674
MILENTINA,1.004917
MILETA,1
MILEVA,1.036878
MILICA,1.240938
MILICE,1
MILINA,1.076215
MILKA,1.216353
MILOMÍRA,1
MILONA,1.007376
MILOSLAVA,74.488665
MILOTA,1.118011
MILUNA,1.004917
MILUŠA,1.05163
MILUŠE,63.425168
MILUŠKA,12.036453
MINA,1
MÍNA,1
MIRA,1.127845
MÍRA,1
MIREILLE,1.007376
MIRELA,1.012293
MIRENA,1.012293
MIRIAM,4.680457
MIRIAMA,1.012293
MIRIANA,1
MIRJAM,1.137679
MIRJANA,1.110635
MIRKA,3.121733
MIRONA,1.061464
MIROSLAV,1.012293
MIROSLAVA,116.827439
MÍROSLAVA,1
MIROSLÁVKA,1.049171
MIRUŠE,1.009834
MIRUŠKA,1.039337
MLADA,1.147513
MLADENA,1.002459
MOJMÍRA,1.162265
MONA,1.071298
MONICA,1.031961
MONIKA,145.061484
MYRA,1.029503
MYRIAM,1.031961
MYRNA,1
MYSLENA,1.012293
NADA,1.019668
NAĎA,5.894983
NADĚJE,1.270441
NADĚJKA,1.002459
NADĚNA,1.027044
NADĚNKA,1.088508
NADĚSLAVA,1
NADĚZDA,1.002459
NADEŽDA,1.299944
NADĚŽDA,51.097973
NAĎEŽDA,1.012293
NADIA,1.041795
NADIJA,1.012293
NADINE,1.009834
NADJA,1.009834
NADKA,1
NANCY,1.105718
NANETA,1.002459
NAOMI,1.009834
NARCIS,1.024586
NARCISA,1.105718
NARCISKA,1.031961
NASŤA,1.201602
NATALI,1.022127
NATALIA,1.23848
NATÁLIA,1.398286
NATALIE,2.843916
NATÁLIE,10.359719
NATALIJA,1.103259
NATALJA,1.059005
NATALKA,1
NATALY,1
NATAŠA,7.588927
NATHALIA,1.012293
NATHALIE,1.130303
NEDA,1
NĚHA,1
NĚHOSLAVA,1.041795
NELA,7.554507
NELL,1.014751
NELLA,1.329446
NELLI,1.090967
NELLY,1.518755
NELY,1.002459
NENELA,1
NEONILA,1.01721
NĚVA,1.03442
NEVENA,1.014751
NEVENKA,1.039337
NĚŽA,1.004917
NGA,1
NHUNG,1
NICOL,1.826074
NICOLA,2.841458
NICOLE,3.328252
NICOLETA,1.002459
NICOLETTA,1.029503
NICOLETTE,1.039337
NICOLL,1.007376
NICOLLE,1.110635
NIKA,1.162265
NIKÉ,1.044254
NIKI,1.120469
NIKITA,1.088508
NIKOL,10.005687
NIKOLA,51.919131
NIKOLE,1.041795
NIKOLETA,1.147513
NIKOLETTA,1.004917
NIKOLINA,1.029503
NILA,1
NINA,5.833519
NINEL,1.007376
NISLAVA,1
NIVA,1.03442
NIVES,1.004917
NOEMA,1.01721
NOEMI,1.489252
NOÉMI,1.012293
NONA,1.002459
NONNA,1.012293
NORA,1.907207
NORBERTA,1.012293
NORIKA,1.01721
NORMA,1.024586
NOTBURGA,1.027044
ODA,1.007376
ODETA,1.036878
ODETTA,1
ODETTE,1.019668
ODONA,1.012293
OKSANA,1.073757
OLA,1.022127
OLDŘICHA,1.071298
OLDŘIŠKA,12.496203
OLENA,1.226187
OLENKA,1.009834
OLGA,104.111793
OĹGA,1.508921
OĽGA,3.387257
OLIMPIA,1
OLINA,1.270441
OLINKA,1.049171
OLIVA,1.157348
OLIVERA,1.004917
OLIVIA,1.063922
OLÍVIA,1.004917
OLIVIE,1.228646
OLUŠA,1.196684
OLUŠE,1.531048
OLUŠKA,1.199143
OLYMPIA,1.022127
OLYMPIE,1.014751
ONDŘEJKA,1.184392
ORNELA,1.027044
ORNELLA,1.01721
ORŠULA,1.002459
OTA,1.066381
OTAKARA,1.081132
OTILIA,1.140138
OTÍLIA,1.23848
OTILIE,6.054789
OTÍLIE,1.098342
OTKA,1
OTTA,1.022127
OTTILIA,1.007376
OTTILIE,1.122928
OTYLIE,1.228646
OTÝLIE,1.142596
OXANA,1.140138
PALMIRA,1
PALMÍRA,1
PAMELA,1.331905
PANAJOTA,1.019668
PAOLA,1.012293
PARASKA,1.056547
PARASKEVA,1
PARASKEVI,1
PARASKEVULA,1
PARASKIEVA,1.061464
PARTENA,1.004917
PATRICIA,1.248314
PATRÍCIA,1.088508
PATRICIE,4.89681
PATRIKA,1.014751
PATRIZIA,1.009834
PATRYCJA,1.007376
PAULA,1.319612
PAULINA,1.57776
PAULÍNA,1.609722
PAULINE,1.007376
PAVLA,105.014083
PAVLINA,1.966212
PAVLÍNA,85.01128
PAVLINKA,1.002459
PEGGY,1
PELAGEJA,1
PELAGIA,1.03442
PELAGIE,1.059005
PENA,1.002459
PENKA,1.022127
PERLA,1.086049
PERLUŠE,1.024586
PERLUŠKA,1.098342
PETR,1.022127
PETRA,240.593552
PETRANA,1.022127
PETRINA,1
PETROMILA,1.029503
PETRONELA,1.297485
PETRONELLA,1.027044
PETRONILA,1.484335
PETRONILLA,1.009834
PETRUŠE,1.752318
PETRUŠKA,1.61218
PĚVA,1.118011
PĚVUŠE,1.027044
PĚVUŠKA,1.108176
PHUONG,1.002459
PIA,1.014751
PINELOPI,1.004917
PIROSKA,1.041795
PIROŠKA,1.073757
PIROŽKA,1.012293
POLANA,1.004917
POLAŇA,1.004917
POLINA,1.002459
POLIXENI,1.002459
POLYXENA,1.01721
POMNĚNKA,1
PRAVDOMILA,1.004917
PRAVOMILA,1.100801
PRAVOSLAVA,1.184392
PRISKA,1.157348
PRIŠKA,1.145055
PŘEMYSLAVA,1.002459
PŘIBYSLAVA,1.039337
RADANA,5.115621
RADIMA,1.03442
RADIMÍRA,1.007376
RADISLAVA,1.196684
RADKA,65.133863
RADMILA,12.810898
RADOJKA,1.002459
RADOMILA,2.305493
RADOMÍRA,5.631917
RADOSLAVA,4.596866
RADOVANA,1.265524
RADSLAVA,1.009834
RADUŠE,1.046713
RADUŠKA,1.014751
RADVANA,1.093425
RAFAELA,1.036878
RACHEL,1.03442
RÁCHEL,1.18685
RAINA,1.007376
RAISA,1.218811
RAJA,1.046713
RÁJA,1.012293
RAJISA,1.007376
RAJKA,1.002459
RAJNA,1.007376
RAMONA,1.027044
RAYMONDA,1.002459
REA,1.01721
REBECA,1.009834
REBECCA,1.056547
REBEKA,1.189309
REGINA,5.961364
REGÍNA,1.543341
REINGARD,1.019668
REINGARDA,1.002459
REINHILDA,1
RELINDIS,1
RENA,1.041795
RENATA,77.397135
RENÁTA,39.717323
RENATE,1.076215
RENÉ,1.349115
RENEE,1
RENEÉ,1.029503
RENÉE,1.179475
RENIA,1
RIA,1.231104
RIANA,1.098342
RIBANA,1.014751
RICHARDA,1.024586
RIJANA,1
RIMMA,1.009834
RINA,1.012293
RITA,2.551348
RITTA,1.004917
RIVA,1
ROBERTA,1.090967
ROBINA,1.012293
ROLANDA,1.024586
ROMANA,54.215421
ROMANKA,1.027044
ROMUALDA,1
ROSA,1.066381
ROSALIA,1.036878
ROSÁLIA,1.002459
ROSALIE,1.990798
ROSÁLIE,1.314695
ROSALINDA,1
ROSALINDE,1.002459
ROSANA,1.049171
ROSEMARIE,1.47696
ROSE-MARIE,1
ROSICA,1
ROSINA,1.113094
ROSITA,1.049171
ROSITTA,1
ROSMARIE,1.022127
ROSTISLAVA,1.371242
ROSVITA,1.113094
ROSWITA,1.03442
ROSWITHA,1.162265
ROTRAUD,1.004917
ROTRAUT,1.009834
ROXANA,1.159806
ROZA,1.090967
RÓZA,1.044254
ROZALIA,1.444998
ROZÁLIA,2.585768
ROZALIE,1.973588
ROZÁLIE,2.929966
ROZARIE,1.004917
ROZÁRIE,1
ROZEMARIE,1.004917
ROZINA,1.147513
ROZÍNA,1.046713
ROZITA,1.009834
ROZVITA,1.061464
RUDOLFA,1.415496
RUDOLFINA,1.201602
RUDOLFÍNA,1.140138
RUDOLFKA,1
RUMJANA,1.019668
RUNA,1.007376
RUSALKA,1.019668
RUSLANA,1
RUT,1.462208
RÚT,1.122928
RUTA,1.022127
RUTH,2.086681
RŮZENA,1
RŮŽA,1.009834
RUŽENA,2.180106
RŮŽENA,139.802635
RŮŽENKA,1.095884
RYBANA,1.007376
SABINA,14.062302
SABÍNA,1.024586
SABINE,1.031961
SABRINA,1.45975
SALLY,1
SALMA,1
SALOME,1.03442
SALOMEA,1.007376
SAMANTA,1.113094
SAMANTHA,1.073757
SAMAR,1.004917
SAMIRA,1.019668
SAMÍRA,1.009834
SAMUELA,1.012293
SANA,1
SANDRA,10.013062
SANDY,1.007376
SANELA,1.004917
SARA,1.108176
SÁRA,6.288352
SARAH,1.636766
SAROLTA,1.004917
SARRA,1
SASKIA,1.15243
SASKIE,1.066381
SAŠA,1.208977
SÁŠA,1.130303
SÁVA,1.031961
SAVETA,1.004917
SAVINA,1
SCARLET,1.019668
SCARLETT,1.036878
SELMA,1.105718
SENTA,1.083591
SERAFINA,1.056547
SERAFÍNA,1.071298
SERENA,1.113094
SERÉNA,1
SEVDA,1
SEVERINA,1.002459
SHARON,1.022127
SHIRIN,1.009834
SCHOLASTIKA,1.004917
SIBYLA,1.009834
SIDONIA,1.280275
SIDÓNIA,1.167182
SIDONIE,1.233563
SIEGLINDA,1.059005
SIEGLINDE,1.118011
SIEGRID,1.024586
SIGLINDA,1.002459
SIGLINDE,1.002459
SIGRID,1.108176
SILVA,1.700688
SILVANA,1.054088
SILVERIA,1
SILVESTRA,1.164723
SILVIA,2.75295
SILVIE,18.197592
SIMELA,1
SIMEONA,1.027044
SIMONA,56.516628
SIMONE,1.063922
SIMONETA,1.004917
SIMONETTA,1
SIMONNE,1.009834
SINDY,1.05163
SKARLET,1.007376
SKARLETA,1.004917
SLAVA,1.022127
SLÁVA,1.189309
SLAVATA,1
SLAVENA,1.002459
SLAVĚNA,1.700688
SLAVĚNKA,1.007376
SLAVIA,1
SLAVICA,1.024586
SLAVIE,1.027044
SLÁVIE,1.009834
SLAVINA,1.014751
SLÁVINA,1.009834
SLÁVINKA,1.036878
SLAVKA,1.145055
SLÁVKA,2.602978
SLAVOMILA,1.331905
SLAVOMÍRA,2.239112
SLOBODANKA,1
SNĚŽANA,1.012293
SNĚŽENKA,1
SOBĚSLAVA,1.014751
SOFIA,1.265524
SOFIE,1.435164
SOFIJA,1.009834
SOLANGE,1.002459
SOLWEIG,1
SOŇA,48.727926
SONIA,1.125386
SONJA,2.148145
SOŇJA,1.004917
SOPHIA,1.061464
SOPHIE,1.041795
SOTIRA,1
SOTIRIA,1
STANA,1.009834
STÁŇA,1.073757
STANISLAVA,54.805474
STANISLAWA,1.004917
STANKA,1.004917
STAŠA,1.135221
STÁŠA,1.019668
STAVRULA,1.031961
STÁZA,1.002459
STEFANIA,1.081132
STEFANIE,1.25569
STEFANKA,1.002459
STELA,1.16964
STELLA,1.270441
STĚPÁNKA,1.039337
STEPHANIE,1.095884
STERIANI,1.027044
STOJANA,1.002459
STOJANKA,1.004917
SULIKA,1
SULTANA,1.012293
SUSAN,1.05163
SUSANA,1.009834
SUSANNA,1.01721
SUSANNE,1.036878
SUZAN,1.009834
SUZANA,1.03442
SUZANNE,1.012293
SVATA,1.029503
SVATAVA,13.064129
SVATOMÍRA,1.046713
SVATOSLAVA,2.536597
SVATUŠE,1.031961
SVATUŠKA,1.031961
SVĚTLA,2.521845
SVETLANA,1.236021
SVĚTLANA,9.828671
SVETLUŠA,1
SVĚTLUŠE,2.263697
SVĚTLUŠKA,1.764611
SVĚTOSLAVA,1.022127
SYBILA,1
SYLVA,12.422446
SYLVANA,1.004917
SYLVESTRA,1.059005
SYLVIA,1.641683
SYLVIE,6.438323
SYLWIA,1.01721
ŠÁRA,1.019668
ŠARKA,1.063922
ŠÁRKA,86.343817
ŠARLOTA,2.691486
ŠAROLTA,1.029503
ŠIMONA,1.06884
ŠIRÍN,1.012293
ŠKOLASTIKA,1.056547
ŠTEFA,1
ŠTEFANA,1.351573
ŠTEFANIA,1.862953
ŠTEFÁNIA,2.467757
ŠTEFANIE,2.140769
ŠTEFÁNIE,1.191767
ŠTEFANKA,1.024586
ŠTĚPÁNA,1.191767
ŠTĚPANKA,1.012293
ŠTĚPÁNKA,31.906494
ŠTĚPÁNKOVÁ,1.002459
TABITA,1.004917
TAISA,1.019668
TAISIJA,1.004917
TÁMAR,1.002459
TAMARA,5.767138
TAMILA,1.004917
TAŇA,1.059005
TÁŇA,4.970566
TANIA,1
TANJA,1.027044
TASULA,1
TATÁNA,1
TATÁŇA,1.002459
TAŤANA,2.814414
TAŤÁNA,12.742058
TATIANA,2.46284
TATIÁNA,1.002459
TATJANA,1.538424
TATJÁNA,1
TAŤJANA,2.620188
TAŤJÁNA,1.103259
TEA,1.029503
TEKLA,1.177016
TENA,1.004917
TEODORA,1.063922
TEOFILA,1.004917
TERESA,1.282734
TERESIA,1.007376
TERESIE,1.292568
TEREZA,100.244486
TEREZIA,2.713613
TERÉZIA,2.553807
TEREZIČKA,1
TEREZIE,15.335834
TERÉZIE,1.024586
TEREZKA,1.004917
THEA,1.061464
THEKLA,1.004917
THEODORA,1.174557
THERESA,1.029503
THERESE,1
THERESIA,1.027044
TIMEA,1.081132
TÍMEA,1.007376
TINA,1.167182
TINKA,1.004917
TODORKA,1
TOMAI,1.004917
TOMÁŠKA,1.009834
TOMISLAVA,1
TONIČKA,1.088508
TOSCA,1
TRACY,1.004917
TRAUDA,1.014751
TRAUDE,1.009834
TRAUTA,1
TRAUTE,1.014751
TRUDA,1.059005
TUSNELDA,1.002459
ULJANA,1.029503
ULLA,1.004917
ULRIKA,1.098342
ULRIKE,1.004917
URANIA,1.002459
URSULA,1.570385
URSZULA,1.258148
URŠULA,2.091598
UTA,1.029503
UTE,1.036878
VÁCLAV,1.007376
VÁCLAVA,18.128752
VÁCLAVKA,1.349115
VAJA,1.004917
VALBURGA,1.263065
VALBURKA,1.009834
VALDEMARA,1.007376
VALENTINA,2.578392
VALENTÍNA,1.103259
VALENTÝNA,1.405662
VALERIA,2.157979
VALÉRIA,1.980963
VALERIE,6.755477
VALÉRIE,1.877704
VALERIJA,1
VALESKA,1.056547
VALIKA,1.002459
VALINA,1
VALJA,1.019668
VALTRAUD,1.039337
VALTRAUDA,1.066381
VALTRAUDE,1.004917
VALTRAUT,1
VALTRUDA,1.03442
VANDA,8.449421
VANESA,1.486794
VANESSA,1.331905
VANGELI,1
VARVARA,1.041795
VASILA,1.014751
VASILIA,1
VASILIE,1.029503
VASILIKA,1.007376
VASILIKI,1.095884
VASILINA,1.03442
VASILKA,1.029503
VĚDA,1.049171
VĚDUNA,1.007376
VĚDUNKA,1.354032
VĚKOSLAVA,1.022127
VELENA,1.007376
VELESLAVA,1.019668
VELIČKA,1.012293
VĚNA,1.009834
VENCESLAVA,1
VĚNCESLAVA,5.577829
VENDELÍNA,1.012293
VENDULA,23.923566
VENDULKA,4.363303
VENETA,1.019668
VĚNKA,1.041795
VENUŠA,1
VENUŠE,4.341176
VENUŠKA,1.100801
VĚNUŠKA,1
VERA,1.03442
VĚRA,353.13882
VERENA,1
VĚRKA,1.167182
VERONA,3.047976
VERONICA,1.046713
VERONIKA,161.342034
VĚROSLAVA,3.701952
VĚRUŠE,1.049171
VĚRUŠKA,1.727732
VĚSLAVA,1.041795
VESNA,1.031961
VICTORIA,1.061464
VIDA,1.009834
VIERA,7.087382
VIEROSLAVA,1.019668
VIKTORA,1
VIKTORIA,1.430247
VIKTÓRIA,1.206519
VIKTORIE,4.945981
VIKTORIJA,1.019668
VIKTORKA,1.004917
VILEMA,1.044254
VILÉMA,1.749859
VILEMINA,1.211436
VILEMÍNA,3.711786
VILÉMINA,1.044254
VILÉMÍNA,1.014751
VILHELMINA,1
VILHELMÍNA,1.004917
VILHEMINA,1.007376
VILHEMÍNA,1.007376
VILJA,1
VILMA,6.2736
VILUŠE,1.022127
VILUŠKA,1.027044
VINCENCIA,1.206519
VINCENCIE,1.413037
VIOLA,2.63248
VIOLETA,1.108176
VIOLETTA,1.019668
VIORICA,1.009834
VIRGINIA,1.014751
VIRGINIE,1.024586
VITA,1.004917
VÍTA,1.054088
VÍTĚSLAVA,1.027044
VÍTĚZKA,1.009834
VITĚZSLAVA,1.022127
VÍTĚZSLAVA,4.267419
VIVIAN,1.019668
VIVIANA,1.039337
VIVIEN,1.039337
VIVIENNE,1.004917
VLADA,1.031961
VLADANA,2.145687
VLADĚNA,2.339912
VLADĚNKA,1.007376
VLADIMÍR,1.004917
VLADIMÍRA,47.980526
VLADISLAVA,13.474708
VLADKA,1.046713
VLAĎKA,1.122928
VLASTA,166.986876
VLASTIČKA,1.009834
VLASTIMILA,11.230047
VLASTIMÍRA,1.061464
VLASTISLAVA,2.239112
VOJSLAVA,1
VOJTĚCHA,1.054088
VOJTĚŠKA,3.134026
VORŠILA,1.154889
VRATISLAVA,2.062096
WALBURGA,1.228646
WALDTRAUD,1.029503
WALDTRAUDE,1
WALDTRAUT,1.007376
WALERIA,1
WALERIE,1.002459
WALLY,1
WALPURGA,1.004917
WALTRAUD,1.66381
WALTRAUDA,1.105718
WALTRAUDE,1.014751
WALTRAUT,1.093425
WALTRAUTE,1.002459
WALTRUDA,1.027044
WANDA,1.553175
WENDY,1.009834
WERONIKA,1.022127
WIESLAWA,1.05163
WILHELMINA,1
WILHELMINE,1.002459
WILMA,1.029503
WLADYSLAWA,1.027044
XAVERA,1.004917
XEŇA,1
XENIA,1.022127
XÉNIA,1.012293
XENIE,1.949002
YASMIN,1.004917
YASMINE,1
YLONA,1.03442
YVETA,5.319681
YVETTA,2.71853
YVETTE,1.125386
YVONA,6.305561
YVONE,1
YVONNA,1.398286
YVONNE,1.304861
YWETA,1.122928
YWETTA,1.083591
ZARA,1.009834
ZBISLAVA,1
ZBYŇKA,1.022127
ZDARA,1.014751
ZDENA,11.198086
ZDEŇA,1.031961
ZDĚNA,1.44254
ZDENIČKA,1.154889
ZDĚNIČKA,1
ZDENISLAVA,1.014751
ZDENKA,88.440964
ZDEŇKA,215.164718
ZDĚNKA,6.140838
ZDISLAVA,3.202865
ZENA,1
ZENOBIA,1.002459
ZINA,2.231736
ZIŇA,1.004917
ZINAIDA,1.223728
ZINAJDA,1.009834
ZINOČKA,1.009834
ZITA,4.872224
ZLATA,7.296359
ZLAŤA,1.01721
ZLATAVA,1.103259
ZLATENKA,1.009834
ZLATICA,2.010466
ZLATICE,1.059005
ZLATISLAVA,1
ZLATKA,1.159806
ZLATOMILA,1.009834
ZLATOMÍRA,1.027044
ZLATOSLAVA,1.140138
ZLATUŠA,1.007376
ZLATUŠE,5.595039
ZLATUŠKA,2.096515
ZOE,1.024586
ZOFIA,1.130303
ZOJA,2.005549
ZORA,5.312305
ZORICA,1.004917
ZORIKA,1
ZORKA,1.597429
ZUZA,1.022127
ZUZANA,128.031074
ZUZANKA,1.15243
ZUZANNA,1.309778
ZUZKA,1.012293
ŽAKELINA,1.009834
ŽAKELÍNA,1.014751
ŽANA,1.007376
ŽANET,1.002459
ŽANETA,20.385705
ŽANNA,1.03442
ŽELMIRA,1
ŽELMÍRA,1.250773
ŽEŇA,1.044254
ŽIVA,1.041795
ŽIVANA,1.029503
ŽIVĚNA,1
ŽOFIA,1.703147
ŽÓFIA,1
ŽOFIE,12.461783
